Original,Tokenized
"ja, det er det b칮b.","jaomega_ts,omega_tsdetomega_tseromega_tsdetomega_tsB칒Bomega_ts.omega_ts"
"\- dette er starten pa 3.verdenskrig, adolf hitler 2!","\omega_ts-omega_tsdetteomega_tseromega_tsstartenomega_tspaomega_ts3.verdenskrigomega_ts,omega_tsadolfomega_tshitleromega_ts2omega_ts!omega_ts"
skriv hvad dit svar er i kommentartingen.d;  -vaelg en af hver.,skrivomega_tshvadomega_tsditomega_tssvaromega_tseromega_tsiomega_tskommentartingenomega_ts.omega_tsdomega_ts;omega_ts-omega_tsvaelgomega_tsenomega_tsafomega_tshveromega_ts.omega_ts
-en mand der hedder goergh bush.,-omega_tsenomega_tsmandomega_tsderomega_tshedderomega_tsgoerghomega_tsbushomega_ts.omega_ts
vaelg vilken farve underbukser du har pa..hvid   fordi jeg er sa grim.,vaelgomega_tsvilkenomega_tsfarveomega_tsunderbukseromega_tsduomega_tsharomega_tspaomega_ts..omega_tshvidomega_tsfordiomega_tsjegomega_tseromega_tssaomega_tsgrimomega_ts.omega_ts
r칮d    fordi jeg er kaerester med en fugl.,r칮domega_tsfordiomega_tsjegomega_tseromega_tskaeresteromega_tsmedomega_tsenomega_tsfuglomega_ts.omega_ts
gr칮n  fordi jeg bruger str.,gr칮nomega_tsfordiomega_tsjegomega_tsbrugeromega_tsstromega_ts.omega_ts
orange fordi jeg er sa laekker.,orangeomega_tsfordiomega_tsjegomega_tseromega_tssaomega_tslaekkeromega_ts.omega_ts
jeg elskede - et vildt chillarn hus - fordi jeg er sa laekker?<3.,jegomega_tselskedeomega_ts-omega_tsetomega_tsvildtomega_tschillarnomega_tshusomega_ts-omega_tsfordiomega_tsjegomega_tseromega_tssaomega_tslaekkeromega_ts?omega_ts<3omega_ts.omega_ts
jeg er sa laekker?<3.,jegomega_tstissedeomega_tsiomega_tsenomega_tsspeedbadomega_tsfordiomega_tsjegomega_tseromega_tssejereomega_tsendomega_tsdigomega_tsjegomega_tskunneomega_tslideomega_ts-omega_tsetomega_tstomrumomega_ts-omega_tsfordiomega_tsjegomega_tseromega_tssaomega_tslaekkeromega_ts.omega_ts
\- det giver jo ingen menning?,\omega_ts-omega_tsdetomega_tsgiveromega_tsjoomega_tsingenomega_tsmenningomega_ts?omega_ts
jeg snakkede med en traels buschauff칮r fordi jeg bruger st칮rrelse xxxxxxxxxxl hehe.,jegomega_tssnakkedeomega_tsmedomega_tsenomega_tstraelsomega_tsbuschauff칮romega_tsfordiomega_tsjegomega_tsbrugeromega_tsst칮rrelseomega_tsXXXXXXXXXXLomega_tsheheomega_ts.omega_ts
jeg elskede en mongolsk aber칮v -fordi jeg ikke har noget liv.d;jeg gemte mig i - en supergrim hund - fordi jeg er sa laekker.,jegomega_tselskedeomega_tsenomega_tsmongolskomega_tsaber칮vomega_ts-omega_tsfordiomega_tsjegomega_tsikkeomega_tsharomega_tsnogetomega_tslivomega_ts.omega_tsdomega_ts;omega_tsjegomega_tsgemteomega_tsmigomega_tsiomega_ts-omega_tsenomega_tssupergrimomega_tshundomega_ts-omega_tsfordiomega_tsjegomega_tseromega_tssaomega_tslaekkeromega_ts.omega_ts
jeg tissede i et tomrum fordi jeg bruger str.,jegomega_tstissedeomega_tsiomega_tsetomega_tstomrumomega_tsfordiomega_tsjegomega_tsbrugeromega_tsstromega_ts.omega_ts
"jeg skal vaertfald k칮be den, hvis de saelger den i odense xD  Cd'en?","jegomega_tsskalomega_tsvaertfaldomega_tsk칮beomega_tsdenomega_ts,omega_tshvisomega_tsdeomega_tssaelgeromega_tsdenomega_tsiomega_tsodenseomega_tsxDomega_tsCd'enomega_ts?omega_ts"
"naej, det tror jeg ikke.<3det ved jeg ikke.i;췉::' hmm altsa skat hvor skal jeg begynde?
?","naejomega_ts,omega_tsdetomega_tstroromega_tsjegomega_tsikkeomega_ts.omega_ts<3omega_tsdetomega_tsvedomega_tsjegomega_tsikkeomega_ts.omega_tsiomega_ts;omega_ts췉omega_ts:omega_ts:omega_ts'omega_tshmmomega_tsaltsaomega_tsskatomega_tshvoromega_tsskalomega_tsjegomega_tsbegyndeomega_ts?omega_ts?omega_ts"
<3 my bab칠 4-everjeg har ikke m칮dt dig.,<3omega_tsMYomega_tsBAB칄omega_ts4omega_ts-omega_tsEveromega_tsjegomega_tsharomega_tsikkeomega_tsm칮dtomega_tsdigomega_ts.omega_ts
"jeg har jo aldrigsadan snakket med dig, mennar jeg skriver med dig erdu ihvertfald ikke snobbet overhovdet!","jegomega_tsharomega_tsjoomega_tsaldrigomega_tssadanomega_tssnakketomega_tsmedomega_tsdigomega_ts,omega_tsmenomega_tsnaromega_tsjegomega_tsskriveromega_tsmedomega_tsdigomega_tseromega_tsduomega_tsihvertfaldomega_tsikkeomega_tssnobbetomega_tsoverhovdetomega_ts!omega_ts"
"den 28 april kl 4.32, sa jeg et syn min mor og far, de var d칮de la ude paa vejen og rabte om hjaelp i mit synspunkt la jeg paa hospitalet og skreg, men i mine venners syn la jeg ude paa vejen og rabte hjaelp til en 16 arig dreng paa scooter.","denomega_ts28omega_tsaprilomega_tsklomega_ts4.32omega_ts,omega_tssaomega_tsjegomega_tsetomega_tssynomega_tsminomega_tsmoromega_tsogomega_tsfaromega_ts,omega_tsdeomega_tsvaromega_tsd칮deomega_tslaomega_tsudeomega_tspaaomega_tsvejenomega_tsogomega_tsrabteomega_tsomomega_tshjaelpomega_tsiomega_tsmitomega_tssynspunktomega_tslaomega_tsjegomega_tspaaomega_tshospitaletomega_tsogomega_tsskregomega_ts,omega_tsmenomega_tsiomega_tsmineomega_tsvennersomega_tssynomega_tslaomega_tsjegomega_tsudeomega_tspaaomega_tsvejenomega_tsogomega_tsrabteomega_tshjaelpomega_tstilomega_tsenomega_ts16omega_tsarigomega_tsdrengomega_tspaaomega_tsscooteromega_ts.omega_ts"
"ikke at bruge smileysdet er vildt svaert?
!",ikkeomega_tsatomega_tsbrugeomega_tssmileysomega_tsdetomega_tseromega_tsvildtomega_tssvaertomega_ts?omega_ts!omega_ts
gad vide hvor laenge jeg kan lade vaere med at bruge smileys?,gadomega_tsvideomega_tshvoromega_tslaengeomega_tsjegomega_tskanomega_tsladeomega_tsvaereomega_tsmedomega_tsatomega_tsbrugeomega_tssmileysomega_ts?omega_ts
"nej, det er umenneskeligt ikke at bruge smileys!!!","nejomega_ts,omega_tsdetomega_tseromega_tsumenneskeligtomega_tsikkeomega_tsatomega_tsbrugeomega_tssmileysomega_ts!omega_ts!omega_ts!omega_ts"
"jo, jeg ved da godt det var nogle.. geniale.. kommentarer, men nu er de altsa vaek!","joomega_ts,omega_tsjegomega_tsvedomega_tsdaomega_tsgodtomega_tsdetomega_tsvaromega_tsnogleomega_ts..omega_tsgenialeomega_ts..omega_tskommentareromega_ts,omega_tsmenomega_tsnuomega_tseromega_tsdeomega_tsaltsaomega_tsvaekomega_ts!omega_ts"
lolz.,lolzomega_ts.omega_ts
\- har det noqenlunde pa samme made?,\omega_ts-omega_tsharomega_tsdetomega_tsnoqenlundeomega_tspaomega_tssammeomega_tsmadeomega_ts?omega_ts
\- men for det meste er haevn med vold oq g칮re det er sq lidt noqet pis men sadan er verden altsa?,\omega_ts-omega_tsmenomega_tsforomega_tsdetomega_tsmesteomega_tseromega_tshaevnomega_tsmedomega_tsvoldomega_tsoqomega_tsg칮reomega_tsdetomega_tseromega_tssqomega_tslidtomega_tsnoqetomega_tspisomega_tsmenomega_tssadanomega_tseromega_tsverdenomega_tsaltsaomega_ts?omega_ts
\- har selv vaeret ude for det manqe gange?,\omega_ts-omega_tsharomega_tsselvomega_tsvaeretomega_tsudeomega_tsforomega_tsdetomega_tsmanqeomega_tsgangeomega_ts?omega_ts
pa alle muliqe forskelliqe mader?,paomega_tsalleomega_tsmuliqeomega_tsforskelliqeomega_tsmaderomega_ts?omega_ts
:/\- men det er sq f칮rste gang jeq har set en piqe skrive sadan hehe?,:/omega_ts\omega_ts-omega_tsmenomega_tsdetomega_tseromega_tssqomega_tsf칮rsteomega_tsgangomega_tsjeqomega_tsharomega_tssetomega_tsenomega_tspiqeomega_tsskriveomega_tssadanomega_tsheheomega_ts?omega_ts
"undskyld men kan ikk se grunden til det :/..elsker diin tanke gang der d;;?
'",undskyldomega_tsmenomega_tskanomega_tsikkomega_tsseomega_tsgrundenomega_tstilomega_tsdetomega_ts:/omega_ts..omega_tselskeromega_tsdiinomega_tstankeomega_tsgangomega_tsderomega_tsdomega_ts;omega_ts;omega_ts?omega_ts'omega_ts
"nar du mener straffes, sa haevne sig igen (:?","naromega_tsduomega_tsmeneromega_tsstraffesomega_ts,omega_tssaomega_tshaevneomega_tssigomega_tsigenomega_ts(omega_ts:omega_ts?omega_ts"
ida jensen; du er bare wooow.,idaomega_tsjensenomega_ts;omega_tsduomega_tseromega_tsbareomega_tswooowomega_ts.omega_ts
"matilde sandgaard; du er sa aerlig, og sk칮n.","matildeomega_tssandgaardomega_ts;omega_tsduomega_tseromega_tssaomega_tsaerligomega_ts,omega_tsogomega_tssk칮nomega_ts.omega_ts"
hasseb hakimi; min bror.,hassebomega_tshakimiomega_ts;omega_tsminomega_tsbroromega_ts.omega_ts
louise mikkelsen; du sa s칮칮d.,louiseomega_tsmikkelsenomega_ts;omega_tsduomega_tssaomega_tss칮칮domega_ts.omega_ts
frida thomsen; du er sk칮r men dejlig.,fridaomega_tsthomsenomega_ts;omega_tsduomega_tseromega_tssk칮romega_tsmenomega_tsdejligomega_ts.omega_ts
maria engholm; jeg elsker dig.,mariaomega_tsengholmomega_ts;omega_tsjegomega_tselskeromega_tsdigomega_ts.omega_ts
isabell honore; du gudesmuk.,isabellomega_tshonoreomega_ts;omega_tsduomega_tsgudesmukomega_ts.omega_ts
anne-sofie grell; du bare super god at snakke med.,anne-sofieomega_tsgrellomega_ts;omega_tsduomega_tsbareomega_tssuperomega_tsgodomega_tsatomega_tssnakkeomega_tsmedomega_ts.omega_ts
mette thomsen; du er sa s칮d og dejlig.,metteomega_tsthomsenomega_ts;omega_tsduomega_tseromega_tssaomega_tss칮domega_tsogomega_tsdejligomega_ts.omega_ts
jeg vil altid vaere dit fjollehovede.. altid!,jegomega_tsvilomega_tsaltidomega_tsvaereomega_tsditomega_tsfjollehovedeomega_ts..omega_tsaltidomega_ts!omega_ts
ah jeg elsker fandme ogsa dig min.,ahomega_tsjegomega_tselskeromega_tsfandmeomega_tsogsaomega_tsdigomega_tsminomega_ts.omega_ts
du er virkelig os fantastisk t칮s<3sae meget i lige made minpige!,duomega_tseromega_tsvirkeligomega_tsosomega_tsfantastiskomega_tst칮somega_ts<3omega_tssaeomega_tsmegetomega_tsiomega_tsligeomega_tsmadeomega_tsminpigeomega_ts!omega_ts
da jegskulle sige farvel i fredags omg.,daomega_tsjegomega_tsskulleomega_tssigeomega_tsfarvelomega_tsiomega_tsfredagsomega_tsomgomega_ts.omega_ts
hahaa okey simone dig og de heste haha.<3\.,hahaaomega_tsokeyomega_tssimoneomega_tsdigomega_tsogomega_tsdeomega_tshesteomega_tshahaomega_ts.omega_ts<3omega_ts\omega_ts.omega_ts
org skat mange gange ilm.,orgomega_tsskatomega_tsmangeomega_tsgangeomega_tsilmomega_ts.omega_ts
_jeg savner dengang hvor alle var gode venner.,_jegomega_tssavneromega_tsdengangomega_tshvoromega_tsalleomega_tsvaromega_tsgodeomega_tsvenneromega_ts.omega_ts
"hvornar kan vi leve et liv uden problemer og taenke pa vores venner og, engang i mellem taenke pa hvordan det er de har det?","hvornaromega_tskanomega_tsviomega_tsleveomega_tsetomega_tslivomega_tsudenomega_tsproblemeromega_tsogomega_tstaenkeomega_tspaomega_tsvoresomega_tsvenneromega_tsogomega_ts,omega_tsengangomega_tsiomega_tsmellemomega_tstaenkeomega_tspaomega_tshvordanomega_tsdetomega_tseromega_tsdeomega_tsharomega_tsdetomega_ts?omega_ts"
isteden for kun os selv.,istedenomega_tsforomega_tsKUNomega_tsosomega_tsselvomega_ts.omega_ts
alt er forandret alle har forandret sig det er sgu maerkeliqeja det er sku rigtigt 3 bedste .,altomega_tseromega_tsforandretomega_tsalleomega_tsharomega_tsforandretomega_tssigomega_tsdetomega_tseromega_tssguomega_tsmaerkeliqeomega_tsJaomega_tsdetomega_tseromega_tsskuomega_tsrigtigtomega_ts3omega_tsbedsteomega_ts.omega_ts
hvadfuck er det for lorte rygter der blir startet?,hvadomega_tsfuckomega_tseromega_tsdetomega_tsforomega_tslorteomega_tsrygteromega_tsderomega_tsbliromega_tsstartetomega_ts?omega_ts
;s tag jer sammen maaayn.,;omega_tssomega_tstagomega_tsjeromega_tssammenomega_tsmaaaynomega_ts.omega_ts
du har fandme ret amela!.,duomega_tsharomega_tsfandmeomega_tsretomega_tsAmelaomega_ts!omega_ts.omega_ts
"-:o!<3.. det er fandme mange som har det sadanher fortiden, og hvorfor skal der vaere rygter,det g칮re jo ikke en sejer af det 췂shirt!.","-omega_ts:Oomega_ts!omega_ts<3omega_ts..omega_tsdetomega_tseromega_tsfandmeomega_tsmangeomega_tssomomega_tsharomega_tsdetomega_tssadanomega_tsheromega_tsfortidenomega_ts,omega_tsogomega_tshvorforomega_tsskalomega_tsderomega_tsvaereomega_tsrygteromega_ts,omega_tsdetomega_tsg칮reomega_tsjoomega_tsikkeomega_tsenomega_tssejeromega_tsafomega_tsdetomega_ts췂omega_tsshirtomega_ts!omega_ts.omega_ts"
jeg synes du har ret mattson.,jegomega_tssynesomega_tsduomega_tsharomega_tsretomega_tsmattsonomega_ts.omega_ts
"hej mattson,.","hejomega_tsmattsonomega_ts,omega_ts.omega_ts"
"oget fornuftigt,.
og som du siger., det er ikke laerende det gar ud over men os selv., skide godt mattson st칮tter dig sg.","ogomega_tssomomega_tsduomega_tssigeromega_ts.omega_ts,omega_tsdetomega_tseromega_tsikkeomega_tslaerendeomega_tsdetomega_tsgaromega_tsudomega_tsoveromega_tsmenomega_tsosomega_tsselvomega_ts.omega_ts,omega_tsskideomega_tsgodtomega_tsmattsonomega_tsst칮tteromega_tsdigomega_tssgomega_ts.omega_ts,omega_tsmattsonomega_ts,omega_tsduomega_tsharomega_ts100omega_ts%omega_tsminomega_tsstemmeomega_ts,omega_tsogomega_tsjegomega_tsst칮tteromega_ts100omega_ts%omega_tsdetomega_tsduomega_tsskriveromega_ts.omega_ts"
for det kommer jo ikke til at hjaelpe ?,foromega_tsdetomega_tskommeromega_tsjoomega_tsikkeomega_tstilomega_tsatomega_tshjaelpeomega_ts?omega_ts
jeg har ogsa set den sms.,jegomega_tsharomega_tsogsaomega_tssetomega_tsdenomega_tssmsomega_ts.omega_ts
det den mest latterlige gang braek jeg nogensinde har laest.,detomega_tsdenomega_tsmestomega_tslatterligeomega_tsgangomega_tsbraekomega_tsjegomega_tsnogensindeomega_tsharomega_tslaestomega_ts.omega_ts
"(:du har 100% ret (:du har ret - respekt, sa er det jo naesten som om dem som ikke gider at lade vaere - dvs dem som gerne vil trykke pa braendalarmen er jo naesten dem som skal lukkes ude fra elevflokken indtil de kan lade vaere - men det vil jo sikkert ikke virke - men jeg st칮tter dig =)du har ret (:du har ret mattsson vi st칮tter dig eller jeg g칮re i hvertfald xdlog ind for at se","(omega_ts:omega_tsDuomega_tsharomega_ts100omega_ts%omega_tsretomega_ts(omega_ts:omega_tsDuomega_tsharomega_tsretomega_ts-omega_tsrespektomega_ts,omega_tssaomega_tseromega_tsdetomega_tsjoomega_tsnaestenomega_tssomomega_tsomomega_tsdemomega_tssomomega_tsikkeomega_tsgideromega_tsatomega_tsladeomega_tsvaereomega_ts-omega_tsdvsomega_tsdemomega_tssomomega_tsGERNEomega_tsvilomega_tstrykkeomega_tspaomega_tsbraendalarmenomega_tseromega_tsjoomega_tsnaestenomega_tsdemomega_tssomomega_tsskalomega_tslukkesomega_tsudeomega_tsfraomega_tselevflokkenomega_tsindtilomega_tsdeomega_tskanomega_tsladeomega_tsvaereomega_ts-omega_tsmenomega_tsdetomega_tsvilomega_tsjoomega_tssikkertomega_tsikkeomega_tsvirkeomega_ts-omega_tsmenomega_tsjegomega_tsst칮tteromega_tsdigomega_ts=omega_ts)omega_tsduomega_tsharomega_tsretomega_ts(omega_ts:omega_tsduomega_tsharomega_tsretomega_tsmattssonomega_tsviomega_tsst칮tteromega_tsdigomega_tselleromega_tsjegomega_tsg칮reomega_tsiomega_tshvertfaldomega_tsXDomega_tsLogomega_tsindomega_tsforomega_tsatomega_tsseomega_ts"
"bby<3 I gr, 23:21 skrev  MiasXkatrine P12 Kom Da Til VEJLE det er den fedeste by pa hele jorden.. bby...  helsing칮r er den sygete by kom til 3000  bor lige ved siden af  .","bbyomega_ts<3omega_tsIomega_tsgromega_ts,omega_ts23:21omega_tsskrevomega_tsMiasXkatrineomega_tsP12omega_tsKomomega_tsDaomega_tsTilomega_tsVEJLEomega_tsdetomega_tseromega_tsdenomega_tsfedesteomega_tsbyomega_tspaomega_tsheleomega_tsjordenomega_ts..omega_tsbbyomega_ts...omega_tshelsing칮romega_tseromega_tsdenomega_tssygeteomega_tsbyomega_tskomomega_tstilomega_ts3000omega_tsboromega_tsligeomega_tsvedomega_tssidenomega_tsafomega_ts.omega_ts"
hvorfor er det altid KBH!?,hvorforomega_tseromega_tsdetomega_tsaltidomega_tsKBHomega_ts!omega_ts?omega_ts
.. For min skyld ma du qerne bli vaek Gad man bruqe sin tid pa a h칮re HANS musik ?,..omega_tsForomega_tsminomega_tsskyldomega_tsmaomega_tsduomega_tsqerneomega_tsbliomega_tsvaekomega_tsGadomega_tsmanomega_tsbruqeomega_tssinomega_tstidomega_tspaomega_tsaomega_tsh칮reomega_tsHANSomega_tsmusikomega_ts?omega_ts
- Hva har du r칮qet man ?,-omega_tsHvaomega_tsharomega_tsduomega_tsr칮qetomega_tsmanomega_ts?omega_ts
okah.,okahomega_ts.omega_ts
hihhi!,hihhiomega_ts!omega_ts
& laengere gaturer naeae nej!,&omega_tslaengereomega_tsgatureromega_tsnaeaeomega_tsnejomega_ts!omega_ts
jeg bor for langt vaek.,jegomega_tsboromega_tsforomega_tslangtomega_tsvaekomega_ts.omega_ts
og jeg er staret i skole igen for laengst pa det tidspunkt.,ogomega_tsjegomega_tseromega_tsstaretomega_tsiomega_tsskoleomega_tsigenomega_tsforomega_tslaengstomega_tspaomega_tsdetomega_tstidspunktomega_ts.omega_ts
hold kaeft du er racist man dig :chrixthea!,holdomega_tskaeftomega_tsduomega_tseromega_tsracistomega_tsmanomega_tsdigomega_ts:omega_tschrixtheaomega_ts!omega_ts
"hehgad da godt smukke, men kan desvaerre ikk :-/..men ellers go l칮betur ..jeg har ikke nogen spand jeg kan kaste op ihaaj s칮ren kan du skaffe christiane schaumburg-muller nr vel  sa er du for coolomfg!","hehomega_tsGadomega_tsdaomega_tsgodtomega_tssmukkeomega_ts,omega_tsmenomega_tskanomega_tsdesvaerreomega_tsikkomega_ts:-/omega_ts..omega_tsmenomega_tsellersomega_tsgoomega_tsl칮beturomega_ts..omega_tsjegomega_tsharomega_tsikkeomega_tsnogenomega_tsspandomega_tsjegomega_tskanomega_tskasteomega_tsopomega_tsiomega_tshaajomega_tss칮renomega_tskanomega_tsduomega_tsskaffeomega_tsChristianeomega_tsSchaumburg-mulleromega_tsnromega_tsvelomega_tssaomega_tseromega_tsduomega_tsforomega_tscoolomega_tsOMFGomega_ts!omega_ts"
man skal fanme da ikk st칮tte de dumme negere man!,manomega_tsskalomega_tsfanmeomega_tsdaomega_tsikkomega_tsst칮tteomega_tsdeomega_tsdummeomega_tsnegereomega_tsmanomega_ts!omega_ts
hvad fanden taenker i pa !,hvadomega_tsfandenomega_tstaenkeromega_tsiomega_tspaomega_ts!omega_ts
kan desvaerer ikk ma ikk for det er for langt a k칮re na mann ikk bor pa sjaelland men ville sa meget gerne  Ledige stillinger!,kanomega_tsdesvaereromega_tsikkomega_tsmaomega_tsikkomega_tsforomega_tsdetomega_tseromega_tsforomega_tslangtomega_tsaomega_tsk칮reomega_tsnaomega_tsmannomega_tsikkomega_tsboromega_tspaomega_tssjaellandomega_tsmenomega_tsvilleomega_tssaomega_tsmegetomega_tsgerneomega_tsLedigeomega_tsstillingeromega_ts!omega_ts
*' det hedder at kneppe uanset hvadejj?,*omega_ts'omega_tsdetomega_tshedderomega_tsatomega_tskneppeomega_tsuansetomega_tshvadomega_tsejjomega_ts?omega_ts
(glo ondt pa penge)  Det er saeri칮st for niiice !,(omega_tsgloomega_tsondtomega_tspaomega_tspengeomega_ts)omega_tsDetomega_tseromega_tssaeri칮stomega_tsforomega_tsniiiceomega_ts!omega_ts
: DDDDD  nice... elsker paramore og elsker the dreams <33  Ejj hvor er det fedt!!,:omega_tsDDDDDomega_tsniceomega_ts...omega_tselskeromega_tsparamoreomega_tsogomega_tselskeromega_tstheomega_tsdreamsomega_ts<3omega_ts3omega_tsEjjomega_tshvoromega_tseromega_tsdetomega_tsfedtomega_ts!omega_ts!omega_ts
i er sku' kommet langt!!!,iomega_tseromega_tsskuomega_ts'omega_tskommetomega_tslangtomega_ts!omega_ts!omega_ts!omega_ts
kan det vaere bedre ?<33  Ledige stillinger!,kanomega_tsdetomega_tsvaereomega_tsbedreomega_ts?omega_ts<3omega_ts3omega_tsLedigeomega_tsstillingeromega_ts!omega_ts
"_: Vi har endnu ikke lavet andre end ""22"" som du finder her i bloggen _ Hvordan startede i osv. ?","_omega_ts:omega_tsViomega_tsharomega_tsendnuomega_tsikkeomega_tslavetomega_tsandreomega_tsendomega_ts""omega_ts22omega_ts""omega_tssomomega_tsduomega_tsfinderomega_tsheromega_tsiomega_tsbloggenomega_ts_omega_tsHvordanomega_tsstartedeomega_tsiomega_tsosvomega_ts.omega_ts?omega_ts"
"_: L aes vores biografi forrest pa siden, den besvarer mange sp칮rgsmal og er i칮vrigt cool laesning _ Bor i her i Dk ?","_omega_ts:omega_tsLomega_tsaesomega_tsvoresomega_tsbiografiomega_tsforrestomega_tspaomega_tssidenomega_ts,omega_tsdenomega_tsbesvareromega_tsmangeomega_tssp칮rgsmalomega_tsogomega_tseromega_tsi칮vrigtomega_tscoolomega_tslaesningomega_ts_omega_tsBoromega_tsiomega_tsheromega_tsiomega_tsDkomega_ts?omega_ts"
"i;췉 4 - okay paen, men ikke min stil.","iomega_ts;omega_ts췉omega_ts4omega_ts-omega_tsokayomega_tspaenomega_ts,omega_tsmenomega_tsikkeomega_tsminomega_tsstilomega_ts.omega_ts"
췉 5 - alt for fraek?,췉omega_ts5omega_ts-omega_tsaltomega_tsforomega_tsfraekomega_ts?omega_ts
;i췉 6 - uff han ma gerne tag pa mig!,;omega_tsiomega_ts췉omega_ts6omega_ts-omega_tsuffomega_tshanomega_tsmaomega_tsgerneomega_tstagomega_tspaomega_tsmigomega_ts!omega_ts
pls.... ?,plsomega_ts....omega_ts?omega_ts
sa alt der her sjov jeg er igang med er overstaet...,saomega_tsaltomega_tsderomega_tsheromega_tssjovomega_tsjegomega_tseromega_tsigangomega_tsmedomega_tseromega_tsoverstaetomega_ts...omega_ts
jeg vil oqs gerne have dig tilbage !,jegomega_tsvilomega_tsoqsomega_tsgerneomega_tshaveomega_tsdigomega_tstilbageomega_ts!omega_ts
<3 du ma squ ikk blive smidt ud!!,<3omega_tsduomega_tsmaomega_tssquomega_tsikkomega_tsbliveomega_tssmidtomega_tsudomega_ts!omega_ts!omega_ts
ejj men jeg vil helt klart hjaelpe dig med at blive!,ejjomega_tsmenomega_tsjegomega_tsvilomega_tsheltomega_tsklartomega_tshjaelpeomega_tsdigomega_tsmedomega_tsatomega_tsbliveomega_ts!omega_ts
<3.-'hun skal squ ikk smide nogen hjem begrund af rygter!,<3omega_ts.omega_ts-omega_ts'omega_tshunomega_tsskalomega_tssquomega_tsikkomega_tssmideomega_tsnogenomega_tshjemomega_tsbegrundomega_tsafomega_tsrygteromega_ts!omega_ts
(; heh!,(omega_ts;omega_tshehomega_ts!omega_ts
ihh' bedstevenner  er mega'glad fof at kende dig  <3,ihhomega_ts'omega_tsBedstevenneromega_tseromega_tsmega'Gladomega_tsfofomega_tsatomega_tskendeomega_tsdigomega_ts<3omega_ts
"psykobilled alligevel, vi ser jo psykotiske ud !","psykobilledomega_tsalligevelomega_ts,omega_tsviomega_tsseromega_tsjoomega_tspsykotiskeomega_tsudomega_ts!omega_ts"
vi faldte i s칮vn ;p,viomega_tsfaldteomega_tsiomega_tss칮vnomega_ts;omega_tspomega_ts
"02-05-2006 12:20 skrev  wannabeyours p14virkelig smukt skrevet , vildt du har kunne stte ord p de flelser  .","02-05-omega_ts2006omega_ts12:20omega_tsskrevomega_tsWannaBeYoursomega_tsP14omega_tsVirkeligomega_tsSmuktomega_tsSkrevetomega_ts,omega_tsvildtomega_tsduomega_tsharomega_tskunneomega_tsstteomega_tsordomega_tspomega_tsdeomega_tsflelseromega_ts.omega_ts"
25-04-2006 13:48 skrev  kimhong p16kender alt til det..det er dejligt med krligheden og det gre s afsindig ondt at blive sret ..forresten super smukt skrevetmeget forfrdeligt og psykologisk nedbrydende :/du skriver det som om det var mig selv!,25-04-omega_ts2006omega_ts13:48omega_tsskrevomega_tsKimHongomega_tsP16omega_tskenderomega_tsaltomega_tstilomega_tsdetomega_ts..omega_tsdetomega_tseromega_tsdejligtomega_tsmedomega_tskrlighedenomega_tsogomega_tsdetomega_tsgreomega_tssomega_tsafsindigomega_tsondtomega_tsatomega_tsbliveomega_tssretomega_ts..omega_tsforrestenomega_tssuperomega_tssmuktomega_tsskrevetomega_tsMegetomega_tsforfrdeligtomega_tsogomega_tspsykologiskomega_tsnedbrydendeomega_ts:/omega_tsDuomega_tsskriveromega_tsdetomega_tssomomega_tsomomega_tsdetomega_tsvaromega_tsmigomega_tsselvomega_ts!omega_ts
"har oplevet , fuldstndig det samme /;har du nogensinde fet dit hjerte knust s meget at du fler du skal kaste op\- det er den flelse jeg kender aller bedst, fantastisk skrevet.","haromega_tsoplevetomega_ts,omega_tsfuldstndigomega_tsdetomega_tssammeomega_ts/omega_ts;omega_tsHaromega_tsduomega_tsnogensindeomega_tsfetomega_tsditomega_tshjerteomega_tsknustomega_tssomega_tsmegetomega_tsatomega_tsduomega_tsfleromega_tsduomega_tsskalomega_tskasteomega_tsopomega_ts\omega_ts-omega_tsdetomega_tseromega_tsdenomega_tsflelseomega_tsjegomega_tskenderomega_tsalleromega_tsbedstomega_ts,omega_tsfantastiskomega_tsskrevetomega_ts.omega_ts"
det hele !,"detomega_tseromega_tssomega_tspisseomega_tsdepriomega_tsmaaaaaanomega_tsNejomega_ts,omega_tsmenomega_tsdrengeomega_tssigeromega_tsdetomega_tsskeromega_tsnomega_tsdeomega_tseromega_tssammenomega_tsmedomega_tsmiqomega_ts,omega_tsaltsomega_tsmineomega_tseksomega_tskresteromega_ts!omega_ts"
til den strste stjerne af dem alle.,tilomega_tsdenomega_tsstrsteomega_tsstjerneomega_tsafomega_tsdemomega_tsalleomega_ts.omega_ts
eller?slaget mod srverne?.,elleromega_ts?omega_tsslagetomega_tsmodomega_tssrverneomega_ts?omega_ts.omega_ts
nok fordi jeg nrmest forstr hvordan du har det.,nokomega_tsfordiomega_tsjegomega_tsnrmestomega_tsforstromega_tshvordanomega_tsduomega_tsharomega_tsdetomega_ts.omega_ts
"29-10-2006 18:10 skrev  n-u-m-s-e-f-i-s-k p15virkelig virkelig virkelig rrende..13-06-2006 21:04 skrev  little-joeh p14det er virkeliq smukt skrevet, det qr ondt a miste .","29-10-omega_ts2006omega_ts18:10omega_tsskrevomega_tsn-u-m-s-e-f-i-s-komega_tsP15omega_tsvirkeligomega_tsvirkeligomega_tsvirkeligomega_tsrrendeomega_ts..omega_ts13-06-omega_ts2006omega_ts21:04omega_tsskrevomega_tsLittle-Joehomega_tsP14omega_tsdetomega_tseromega_tsvirkeliqomega_tssmuktomega_tsskrevetomega_ts,omega_tsdetomega_tsqromega_tsondtomega_tsaomega_tsmisteomega_ts.omega_ts"
"sen noqet forbliver i hjertet hele livet, og vi skal alle iqennem det09-06-2006 21:28 skrev  michelle-er p13det vars smukt skrevetalrdig sjovt og miste en05-06-2006 14:44 skrev  opulleo p17det var os min bedstefar!","senomega_tsnoqetomega_tsforbliveromega_tsiomega_tshjertetomega_tsheleomega_tslivetomega_ts,omega_tsogomega_tsviomega_tsskalomega_tsalleomega_tsiqennemomega_tsdetomega_ts09-06-omega_ts2006omega_ts21:28omega_tsskrevomega_tsmichelle-eromega_tsP13omega_tsdetomega_tsvarsomega_tssmuktomega_tsskrevetomega_tsalrdigomega_tssjovtomega_tsogomega_tsmisteomega_tsenomega_ts05-06-omega_ts2006omega_ts14:44omega_tsskrevomega_tsoPulleoomega_tsP17omega_tsDetomega_tsvaromega_tsosomega_tsminomega_tsbedstefaromega_ts!omega_ts"
"04-06-2006 19:45 skrev  mentoxb p13ved hvordan du har det, min morfar dde igr.,25-05-2006 22:29 skrev  annasproblembarn p12hold da helt k*du er fandme en sd dreng..jeg behyndte at tude..du holdt vidst meget af ham,..r.i.p...knus mig...23-05-2006 21:25 skrev  frille p17der triller trer ned af mine kinder..","04-06-omega_ts2006omega_ts19:45omega_tsskrevomega_tsmentoxbomega_tsP13omega_tsVedomega_tshvordanomega_tsduomega_tsharomega_tsdetomega_ts,omega_tsminomega_tsmorfaromega_tsddeomega_tsigromega_ts.omega_ts,omega_ts25-05-omega_ts2006omega_ts22:29omega_tsskrevomega_tsAnnasproblembarnomega_tsP12omega_tsholdomega_tsdaomega_tsheltomega_tskomega_ts*omega_tsduomega_tseromega_tsfandmeomega_tsenomega_tssdomega_tsdrengomega_ts..omega_tsjegomega_tsbehyndteomega_tsatomega_tstudeomega_ts..omega_tsduomega_tsholdtomega_tsvidstomega_tsmegetomega_tsafomega_tshamomega_ts,omega_ts..omega_tsRomega_ts.omega_tsIomega_ts.omega_tsPomega_ts...omega_tsknusomega_tsmigomega_ts...omega_ts23-05-omega_ts2006omega_ts21:25omega_tsskrevomega_tsFrilleomega_tsP17omega_tsDeromega_tstrilleromega_tstreromega_tsnedomega_tsafomega_tsmineomega_tskinderomega_ts..omega_ts"
det var vel p en mde godt .,detomega_tsvaromega_tsvelomega_tspomega_tsenomega_tsmdeomega_tsgodtomega_ts.omega_ts
men det minder mig samtidig ogs om at jeg skal huske at passe p dem og elske dem16-05-2006 19:51 skrev  henriettespige p15min farfar dde os af krft for et lille r siden : get skrevet.,menomega_tsdetomega_tsminderomega_tsmigomega_tssamtidigomega_tsogsomega_tsomomega_tsatomega_tsjegomega_tsskalomega_tshuskeomega_tsatomega_tspasseomega_tspomega_tsdemomega_tsogomega_tselskeomega_tsdemomega_ts16-05-omega_ts2006omega_ts19:51omega_tsskrevomega_tshenriettespigeomega_tsP15omega_tsminomega_tsfarfaromega_tsddeomega_tsosomega_tsafomega_tskrftomega_tsforomega_tsetomega_tslilleomega_tsromega_tssidenomega_ts:omega_tsgetomega_tsskrevetomega_ts.omega_ts
14-05-2006 16:43 skrev  xkat p14' kan stte miq 100% ind i hvad du skriver <3 jeq ved hvad du mener oq jeq fler virkeliq med diq .,14-05-omega_ts2006omega_ts16:43omega_tsskrevomega_tsxkatomega_tsP14omega_ts'omega_tskanomega_tsstteomega_tsmiqomega_ts100omega_ts%omega_tsindomega_tsiomega_tshvadomega_tsduomega_tsskriveromega_ts<3omega_tsJeqomega_tsvedomega_tshvadomega_tsduomega_tsmeneromega_tsoqomega_tsjeqomega_tsfleromega_tsvirkeliqomega_tsmedomega_tsdiqomega_ts.omega_ts
"jeg hber du har det godt nu, selvom han ikke er der for dig lngere.","jegomega_tshberomega_tsduomega_tsharomega_tsdetomega_tsgodtomega_tsnuomega_ts,omega_tsselvomomega_tshanomega_tsikkeomega_tseromega_tsderomega_tsforomega_tsdigomega_tslngereomega_ts.omega_ts"
"dden er noqet fanden har skabtdet er svart at miste en med krft,har selv prvet dethar selv prvet at have to familie-medlemmer som er dde af krft!","ddenomega_tseromega_tsnoqetomega_tsfandenomega_tsharomega_tsskabtomega_tsdetomega_tseromega_tssvartomega_tsatomega_tsmisteomega_tsenomega_tsmedomega_tskrftomega_ts,omega_tsharomega_tsselvomega_tsprvetomega_tsdetomega_tsHaromega_tsselvomega_tsprvetomega_tsatomega_tshaveomega_tsTOomega_tsfamilie-medlemmeromega_tssomomega_tseromega_tsddeomega_tsafomega_tskrftomega_ts!omega_ts"
"jeg kunne ikke forsta det,ville ikke forsta det,jeg har aldrig oplevet sa fael en smerte,jeg har dog vaeret forelsket f칮r,men aldrig som denne gang,det kunne bare ikke vaere forbi.","jegomega_tskunneomega_tsikkeomega_tsforstaomega_tsdetomega_ts,omega_tsvilleomega_tsikkeomega_tsforstaomega_tsdetomega_ts,omega_tsjegomega_tsharomega_tsaldrigomega_tsoplevetomega_tssaomega_tsfaelomega_tsenomega_tssmerteomega_ts,omega_tsjegomega_tsharomega_tsdogomega_tsvaeretomega_tsforelsketomega_tsf칮romega_ts,omega_tsmenomega_tsaldrigomega_tssomomega_tsdenneomega_tsgangomega_ts,omega_tsdetomega_tskunneomega_tsbareomega_tsikkeomega_tsvaereomega_tsforbiomega_ts.omega_ts"
som de snare siger er det meget rrende.. det gr ondt indeni mig nr jeg lser det!,somomega_tsdeomega_tssnareomega_tssigeromega_tseromega_tsdetomega_tsmegetomega_tsrrendeomega_ts..omega_tsdetomega_tsgromega_tsondtomega_tsindeniomega_tsmigomega_tsnromega_tsjegomega_tslseromega_tsdetomega_ts!omega_ts
"- du skal vide jeg er her.. det eneste der krves er, at du bner munder og fortller mig hvad der sker.. er her altid for dig..oq vil qive diq ret i at nyde det man for ja man ved aldriq hvornr det er slut for min papfar er nsten liqe ddvirkelig flot skrevet og meget rrende:']05-06-2007 15:31 skrev  chelle33 p15virkelig godt skrevet, det giver et godt billede af, hvor knust man bliver, nr krligheden pludselig forsvinder.","-omega_tsduomega_tsskalomega_tsvideomega_tsjegomega_tseromega_tsheromega_ts..omega_tsdetomega_tsenesteomega_tsderomega_tskrvesomega_tseromega_ts,omega_tsatomega_tsduomega_tsbneromega_tsmunderomega_tsogomega_tsfortlleromega_tsmigomega_tshvadomega_tsderomega_tsskeromega_ts..omega_tseromega_tsheromega_tsaltidomega_tsforomega_tsdigomega_ts..omega_tsoqomega_tsvilomega_tsqiveomega_tsdiqomega_tsretomega_tsiomega_tsatomega_tsnydeomega_tsdetomega_tsmanomega_tsforomega_tsjaomega_tsmanomega_tsvedomega_tsaldriqomega_tshvornromega_tsdetomega_tseromega_tsslutomega_tsforomega_tsminomega_tspapfaromega_tseromega_tsnstenomega_tsliqeomega_tsddomega_tsVirkeligomega_tsflotomega_tsskrevetomega_tsogomega_tsmegetomega_tsrrendeomega_ts:omega_ts'omega_ts]omega_ts05-06-omega_ts2007omega_ts15:31omega_tsskrevomega_tsChelleomega_ts33omega_tsP15omega_tsVirkeligomega_tsgodtomega_tsskrevetomega_ts,omega_tsdetomega_tsgiveromega_tsetomega_tsgodtomega_tsbilledeomega_tsafomega_ts,omega_tshvoromega_tsknustomega_tsmanomega_tsbliveromega_ts,omega_tsnromega_tskrlighedenomega_tspludseligomega_tsforsvinderomega_ts.omega_ts"
19-05-2007 22:36 skrev  lxcirkelinexl p14 \- du har fuldstndig ret !,19-05-omega_ts2007omega_ts22:36omega_tsskrevomega_tslxCirkelinexlomega_tsP14omega_ts\omega_ts-omega_tsDuomega_tsharomega_tsfuldstndigomega_tsretomega_ts!omega_ts
"men pointen er, at vi unge danskere, ma laere at lade vaere med at vaere triste.","menomega_tspointenomega_tseromega_ts,omega_tsatomega_tsviomega_tsungeomega_tsdanskereomega_ts,omega_tsmaomega_tslaereomega_tsatomega_tsladeomega_tsvaereomega_tsmedomega_tsatomega_tsvaereomega_tstristeomega_ts.omega_ts"
09-07-2006 13:25 skrev  uspiseligkat p13 ahaha..,09-07-omega_ts2006omega_ts13:25omega_tsskrevomega_tsUspiseligKatomega_tsP13omega_tsAHAHAomega_ts..omega_ts
\- holla!,\omega_ts-omega_tsHOLLAomega_ts!omega_ts
mmm nam nam.!,mmmomega_tsnamomega_tsnamomega_ts.omega_ts!omega_ts
n men vi ses nok i morgen ikk..?,nomega_tsmenomega_tsviomega_tssesomega_tsnokomega_tsiomega_tsmorgenomega_tsikkomega_ts..omega_ts?omega_ts
70.000 tifosi ?,70.000omega_tstifosiomega_ts?omega_ts
"3 er d칮de og mange andre er blevet skadet for livstid efter alvorlige styrt. andre n칮jedes med braekkede knogler, forstuvede led o.l., men alligevel fortsaetter de, under store smerter.","3omega_tseromega_tsd칮deomega_tsogomega_tsmangeomega_tsandreomega_tseromega_tsblevetomega_tsskadetomega_tsforomega_tslivstidomega_tsefteromega_tsalvorligeomega_tsstyrtomega_ts.omega_tsAndreomega_tsn칮jedesomega_tsmedomega_tsbraekkedeomega_tsknogleromega_ts,omega_tsforstuvedeomega_tsledomega_tsoomega_ts.omega_tslomega_ts.omega_ts,omega_tsmenomega_tsalligevelomega_tsfortsaetteromega_tsdeomega_ts,omega_tsunderomega_tsstoreomega_tssmerteromega_ts.omega_ts"
21 hold deltog i ar i touren.,21omega_tsholdomega_tsdeltogomega_tsiomega_tsaromega_tsiomega_tstourenomega_ts.omega_ts
og k칮rer i lae for vinden og pa den made sparer kraefter sa han er mere klar naeste dag i modsaetning til f.eks. dem der har ligget i udbrud hele dagen.,ogomega_tsk칮reromega_tsiomega_tslaeomega_tsforomega_tsvindenomega_tsogomega_tspaomega_tsdenomega_tsmadeomega_tsspareromega_tskraefteromega_tssaomega_tshanomega_tseromega_tsmereomega_tsklaromega_tsnaesteomega_tsdagomega_tsiomega_tsmodsaetningomega_tstilomega_tsf.eksomega_ts.omega_tsdemomega_tsderomega_tsharomega_tsliggetomega_tsiomega_tsudbrudomega_tsheleomega_tsdagenomega_ts.omega_ts
1967: tom simpson d칮r 1967 efter dopingmisbrug.,1967omega_ts:omega_tsTomomega_tsSimpsonomega_tsd칮romega_ts1967omega_tsefteromega_tsdopingmisbrugomega_ts.omega_ts
http://www.uefa.com/ multimediafiles/phot o/competitions/ucl/4 08691_biglandscape.j pgf.c.,http://www.uefa.com/omega_tsMultimediaFilesomega_ts/omega_tsPhotomega_tsoomega_ts/omega_tscompetitionsomega_ts/omega_tsUCLomega_ts/omega_ts4omega_ts08691_BIGLANDSCAPEomega_ts.omega_tsjomega_tspgomega_tsFomega_ts.omega_tsComega_ts.omega_ts
"- den maegtige storklub fra torino, juventus.","-omega_tsdenomega_tsmaegtigeomega_tsstorklubomega_tsfraomega_tsTorinoomega_ts,omega_tsJuventusomega_ts.omega_ts"
"(det italienske mesterskab), blev sendt ud af englaenderne.","(omega_tsdetomega_tsitalienskeomega_tsmesterskabomega_ts)omega_ts,omega_tsblevomega_tssendtomega_tsudomega_tsafomega_tsenglaenderneomega_ts.omega_ts"
http://www.arsenal.c om/images/pics/repor t/realmadrid08032006 _5.jpgronaldinhoronaldinho er pa alles laeber nar man snakker om fc barcelona.,http://www.arsenal.comega_tsomomega_ts/omega_tsimagesomega_ts/omega_tspicsomega_ts/omega_tsreporomega_tstomega_ts/omega_tsrealmadridomega_ts08032006omega_ts_5omega_ts.omega_tsjpgomega_tsRonaldinhoomega_tsRonaldinhoomega_tseromega_tspaomega_tsallesomega_tslaeberomega_tsnaromega_tsmanomega_tssnakkeromega_tsomomega_tsFComega_tsBarcelonaomega_ts.omega_ts
eej췂?,eejomega_ts췂omega_tsForfaerdeliqtomega_ts?omega_ts
eeeej췂?,eeeejomega_ts췂omega_ts?omega_ts
eej췂?,eejomega_ts췂omega_ts?omega_ts
- vil savne dig min deejliige fisk (pansermalle) !,-omega_tsVilomega_tssavneomega_tsdigomega_tsminomega_tsdeejliigeomega_tsFiskomega_ts(omega_tsPansermalleomega_ts)omega_ts!omega_ts
"haai skaath de billeder du har sat ind er helt vildt gode -elsker diig sa fucking meget \--jeg skal ned og ha din nye plade idag glaeder miig meget  hvorfor er du sa god til at vaere skuespiller 19-10-2007 23:18 skrev  mona-monna P14 det lyder dejligt heh Laekker laekker  Jeg syndes du er en rigtig god skuespiller, for at vaere helt aerlig har jeg ikke h칮rt sa mange af dine sange men har da h칮rt et par stykker med C21 vil ogsa sp칮rge om hvad den sang du i serien 2900 happiness synger til mercedes fest?","haaiomega_tsskaathomega_tsdeomega_tsbillederomega_tsduomega_tsharomega_tssatomega_tsindomega_tseromega_tsheltomega_tsvildtomega_tsgodeomega_ts-omega_tselskeromega_tsdiigomega_tssaomega_tsfuckingomega_tsmegetomega_ts\omega_ts-omega_ts-omega_tsjegomega_tsskalomega_tsnedomega_tsogomega_tshaomega_tsdinomega_tsnyeomega_tspladeomega_tsidagomega_tsglaederomega_tsmiigomega_tsmegetomega_tshvorforomega_tseromega_tsduomega_tssaomega_tsgodomega_tstilomega_tsatomega_tsvaereomega_tsskuespilleromega_ts19-10-omega_ts2007omega_ts23:18omega_tsskrevomega_tsmona-monnaomega_tsP14omega_tsdetomega_tslyderomega_tsdejligtomega_tshehomega_tsLaekkeromega_tslaekkeromega_tsJegomega_tssyndesomega_tsduomega_tseromega_tsenomega_tsrigtigomega_tsgodomega_tsskuespilleromega_ts,omega_tsforomega_tsatomega_tsvaereomega_tsheltomega_tsaerligomega_tsharomega_tsjegomega_tsikkeomega_tsh칮rtomega_tssaomega_tsmangeomega_tsafomega_tsdineomega_tssangeomega_tsmenomega_tsharomega_tsdaomega_tsh칮rtomega_tsetomega_tsparomega_tsstykkeromega_tsmedomega_tsC21omega_tsvilomega_tsogsaomega_tssp칮rgeomega_tsomomega_tshvadomega_tsdenomega_tssangomega_tsduomega_tsiomega_tsserienomega_ts2900omega_tshappinessomega_tssyngeromega_tstilomega_tsmercedesomega_tsfestomega_ts?omega_ts"
19-10-2007 18:39 skrev  Katiiiee P13 erhm.- Sweety?,19-10-omega_ts2007omega_ts18:39omega_tsskrevomega_tsKatiiieeomega_tsP13omega_tserhmomega_ts.omega_ts-omega_tsSweetyomega_ts?omega_ts
"be a' nijz man and' laes min pt, Jeg har lavet en side ""Specieelt til diq  Jeg syntes du er en FANTASTISK sanger?.","beomega_tsaomega_ts'omega_tsnijzomega_tsmanomega_tsandomega_ts'omega_tslaesomega_tsminomega_tsptomega_ts,omega_tsJegomega_tsharomega_tslavetomega_tsenomega_tssideomega_ts""omega_tsSpecieeltomega_tstilomega_tsdiqomega_tsJegomega_tssyntesomega_tsduomega_tseromega_tsenomega_tsFANTASTISKomega_tssangeromega_ts?omega_ts.omega_ts"
"saa skal vi sq lave sange samn d;<33 Nar jeg h칮re dig synge ,.","saaomega_tsskalomega_tsviomega_tssqomega_tslaveomega_tssangeomega_tssamnomega_tsdomega_ts;omega_ts<3omega_ts3omega_tsNaromega_tsjegomega_tsh칮reomega_tsdigomega_tssyngeomega_ts,omega_ts.omega_ts"
1 du kan nyde en 칮l alle manedens dage.,1omega_tsDuomega_tskanomega_tsnydeomega_tsenomega_ts칮lomega_tsalleomega_tsmanedensomega_tsdageomega_ts.omega_ts
5 t칮mmermaend gar vaek af sig selv.,5omega_tsT칮mmermaendomega_tsgaromega_tsvaekomega_tsafomega_tssigomega_tsselvomega_ts.omega_ts
"9 nar du er faerdig med en 칮l, er flasken stadig penge vaerd.","9omega_tsNaromega_tsduomega_tseromega_tsfaerdigomega_tsmedomega_tsenomega_ts칮lomega_ts,omega_tseromega_tsflaskenomega_tsstadigomega_tspengeomega_tsvaerdomega_ts.omega_ts"
15 en 칮l kraever ikke ligestilling.,15omega_tsEnomega_ts칮lomega_tskraeveromega_tsikkeomega_tsligestillingomega_ts.omega_ts
"17 en 칮l er ligeglad med, hvornar du kommer.","17omega_tsEnomega_ts칮lomega_tseromega_tsligegladomega_tsmedomega_ts,omega_tshvornaromega_tsduomega_tskommeromega_ts.omega_ts"
;di just love teh scrabbles!,;omega_tsdomega_tsIomega_tsjustomega_tsloveomega_tstehomega_tsscrabblesomega_ts!omega_ts
"haahaa, skat de timer var en masse vaerdifulde timer!","haahaaomega_ts,omega_tsskatomega_tsdeomega_tstimeromega_tsvaromega_tsenomega_tsmasseomega_tsvaerdifuldeomega_tstimeromega_ts!omega_ts"
hellere hades for den jeg er end at elskes for den jeg ikke er  jalouxi!,hellereomega_tshadesomega_tsforomega_tsdenomega_tsjegomega_tseromega_tsendomega_tsatomega_tselskesomega_tsforomega_tsdenomega_tsjegomega_tsikkeomega_tseromega_tsjalouxiomega_ts!omega_ts
"_\- ... af ren og sk aer jalouxi._ Arto historier: 11-09-2007 Klikker rundt, tjek andres sendte meddelser.","_omega_ts\omega_ts-omega_ts...omega_tsafomega_tsrenomega_tsogomega_tsskomega_tsaeromega_tsjalouxiomega_ts.omega_ts_omega_tsArtoomega_tshistorieromega_ts:omega_ts11-09-omega_ts2007omega_tsKlikkeromega_tsrundtomega_ts,omega_tstjekomega_tsandresomega_tssendteomega_tsmeddelseromega_ts.omega_ts"
og du er ikke-ikke paen.,ogomega_tsduomega_tseromega_tsikke-ikkeomega_tspaenomega_ts.omega_ts
desvaerre skal jeg ikk med :/log ind for at se,desvaerreomega_tsskalomega_tsjegomega_tsikkomega_tsmedomega_ts:/omega_tsLogomega_tsindomega_tsforomega_tsatomega_tsseomega_ts
www.myspace.com/celinareedet ville vaere super fedt hvis i kigger forbi og smider noget konstruktiv respons.,www.myspace.com/celinareeomega_tsDetomega_tsvilleomega_tsvaereomega_tssuperomega_tsfedtomega_tshvisomega_tsIomega_tskiggeromega_tsforbiomega_tsogomega_tssmideromega_tsnogetomega_tskonstruktivomega_tsresponsomega_ts.omega_ts
iiiiii glaeder mig xd jeg skal vaertfald have dem!!!,iiiiiiomega_tsglaederomega_tsmigomega_tsxDomega_tsjegomega_tsskalomega_tsvaertfaldomega_tshaveomega_tsdemomega_ts!omega_ts!omega_ts!omega_ts
kom med nogle eksempler maaain!,komomega_tsmedomega_tsnogleomega_tseksempleromega_tsmaaainomega_ts!omega_ts
ej d: den du har nu klaer diq d:.,ejomega_tsdomega_ts:omega_tsdenomega_tsduomega_tsharomega_tsnuomega_tsklaeromega_tsdiqomega_tsdomega_ts:omega_ts.omega_ts
ofte efterhanden.,ofteomega_tsefterhandenomega_ts.omega_ts
og fortraenge ting.,ogomega_tsfortraengeomega_tstingomega_ts.omega_ts
misforstaet.,misforstaetomega_ts.omega_ts
laegger hoved tilbage.,laeggeromega_tshovedomega_tstilbageomega_ts.omega_ts
de opture & nedturejeg har.,deomega_tsoptureomega_ts&omega_tsnedtureomega_tsjegomega_tsharomega_ts.omega_ts
& hjaelper mighvis jeg er ked af det.,&omega_tshjaelperomega_tsmigomega_tshvisomega_tsjegomega_tseromega_tskedomega_tsafomega_tsdetomega_ts.omega_ts
til; s칮ren & umaid somskriver smukker osv.til mig.,tilomega_ts;omega_tss칮renomega_ts&omega_tsumaidomega_tssomomega_tsskriveromega_tssmukkeromega_tsosvomega_ts.omega_tstilomega_tsmigomega_ts.omega_ts
stinne som ermin mand til evigtid& som altid vil vaere derfor mig.,stinneomega_tssomomega_tseromega_tsminomega_tsmandomega_tstilomega_tsevigtidomega_ts&omega_tssomomega_tsaltidomega_tsvilomega_tsvaereomega_tsderomega_tsforomega_tsmigomega_ts.omega_ts
& gulle som ermin spasser og som jegkan girne med som jeg ikkan med andre.,&omega_tsgulleomega_tssomomega_tseromega_tsminomega_tsspasseromega_tsogomega_tssomomega_tsjegomega_tskanomega_tsgirneomega_tsmedomega_tssomomega_tsjegomega_tsikomega_tskanomega_tsmedomega_tsandreomega_ts.omega_ts
vil jeg altid vaere; jeres amalie bang.,vilomega_tsjegomega_tsaltidomega_tsvaereomega_ts;omega_tsjeresomega_tsamalieomega_tsbangomega_ts.omega_ts
&jeg vil altid vaere din;sarah jean petersen.,&omega_tsjegomega_tsvilomega_tsaltidomega_tsvaereomega_tsdinomega_ts;omega_tssarahomega_tsjeanomega_tspetersenomega_ts.omega_ts
\- digxmig - eviiiigt l'.,\omega_ts-omega_tsdigxmigomega_ts-omega_tseviiiigtomega_tsLomega_ts'omega_ts.omega_ts
du er der ogsa altidfor mig skat?,duomega_tseromega_tsderomega_tsogsaomega_tsaltidomega_tsforomega_tsmigomega_tsskatomega_ts?omega_ts
tusindtak minpige?,tusindomega_tstakomega_tsminpigeomega_ts?omega_ts
"nu n친r jeg har to irls der f칮lger mig h친ber jeg ikke de synes jeg er m칝rkelig med min k칝rlighed for hongjoong men,,, idc min k칝rlighed for hongjoong er stor og jeg vil aldrig pr칮ve at skjule min k칝rlighed for hongjoong","nuomega_tsn친romega_tsjegomega_tsharomega_tstoomega_tsirlsomega_tsderomega_tsf칮lgeromega_tsmigomega_tsh친beromega_tsjegomega_tsikkeomega_tsdeomega_tssynesomega_tsjegomega_tseromega_tsm칝rkeligomega_tsmedomega_tsminomega_tsk칝rlighedomega_tsforomega_tshongjoongomega_tsmenomega_ts,omega_ts,omega_ts,omega_tsidcomega_tsminomega_tsk칝rlighedomega_tsforomega_tshongjoongomega_tseromega_tsstoromega_tsogomega_tsjegomega_tsvilomega_tsaldrigomega_tspr칮veomega_tsatomega_tsskjuleomega_tsminomega_tsk칝rlighedomega_tsforomega_tshongjoongomega_ts"
"skal arbejde hele weekenden, s친 mit m친l er en rolig dag. De sidste 2 dag modtaget spam fra r칝dsomme AOC&#39;s f칮lgere, som er: dybt racistisk, tilh칝ngere af anti-kvinde et-barns-politik, cyber vold imod piger og kvinder, og andre menneskefjendske tiltag. L칮sning enkel: blokere dem","skalomega_tsarbejdeomega_tsheleomega_tsweekendenomega_ts,omega_tss친omega_tsmitomega_tsm친lomega_tseromega_tsenomega_tsroligomega_tsdagomega_ts.omega_tsDeomega_tssidsteomega_ts2omega_tsdagomega_tsmodtagetomega_tsspamomega_tsfraomega_tsr칝dsommeomega_tsAOC'somega_tsf칮lgereomega_ts,omega_tssomomega_tseromega_ts:omega_tsdybtomega_tsracistiskomega_ts,omega_tstilh칝ngereomega_tsafomega_tsanti-kvindeomega_tset-barns-politikomega_ts,omega_tscyberomega_tsvoldomega_tsimodomega_tspigeromega_tsogomega_tskvinderomega_ts,omega_tsogomega_tsandreomega_tsmenneskefjendskeomega_tstiltagomega_ts.omega_tsL칮sningomega_tsenkelomega_ts:omega_tsblokereomega_tsdemomega_ts"
"der skulle i 칮vrigt ogs친 alts친 at blive kaldt tilbage af jehovah og skabren til det der billede af mig og linette nu dilraba dilmurat som samlede vidnet der op og ville at have en vej til os, og det f칮les som en smerte linding til mig, men de der andre skal jo alts친 selvf칮lgelig","deromega_tsskulleomega_tsiomega_ts칮vrigtomega_tsogs친omega_tsalts친omega_tsatomega_tsbliveomega_tskaldtomega_tstilbageomega_tsafomega_tsjehovahomega_tsogomega_tsskabrenomega_tstilomega_tsdetomega_tsderomega_tsbilledeomega_tsafomega_tsmigomega_tsogomega_tslinetteomega_tsnuomega_tsdilrabaomega_tsdilmuratomega_tssomomega_tssamledeomega_tsvidnetomega_tsderomega_tsopomega_tsogomega_tsvilleomega_tsatomega_tshaveomega_tsenomega_tsvejomega_tstilomega_tsosomega_ts,omega_tsogomega_tsdetomega_tsf칮lesomega_tssomomega_tsenomega_tssmerteomega_tslindingomega_tstilomega_tsmigomega_ts,omega_tsmenomega_tsdeomega_tsderomega_tsandreomega_tsskalomega_tsjoomega_tsalts친omega_tsselvf칮lgeligomega_ts"
kommer der er en sjov pr칝sentationsvideo af Biel? Savner at se St친les skuespilstalent 游녧 #fcklive,kommeromega_tsderomega_tseromega_tsenomega_tssjovomega_tspr칝sentationsvideoomega_tsafomega_tsBielomega_ts?omega_tsSavneromega_tsatomega_tsseomega_tsSt친lesomega_tsskuespilstalentomega_ts游녧omega_ts#fckliveomega_ts
mh.,mhomega_ts.omega_ts
"jeg'er blevet sa indelukket efter ,det med metter ,jeg ved ikke hvor mine f칮lser er henne\- jeg er jo ikke mig selv mere?
'","jeg'eromega_tsblevetomega_tssaomega_tsindelukketomega_tsefteromega_ts,omega_tsdetomega_tsmedomega_tsmetteromega_ts,omega_tsjegomega_tsvedomega_tsikkeomega_tshvoromega_tsmineomega_tsf칮lseromega_tseromega_tshenneomega_ts\omega_ts-omega_tsjegomega_tseromega_tsjoomega_tsikkeomega_tsmigomega_tsselvomega_tsmereomega_ts?omega_ts'omega_ts"
mh'jeg savner dig jo pige.,mh'jegomega_tssavneromega_tsdigomega_tsjoomega_tspigeomega_ts.omega_ts
sp var du vaek.,spomega_tsvaromega_tsduomega_tsvaekomega_ts.omega_ts
mhhvem kan jeg komme til nu?,mhomega_tshvemomega_tskanomega_tsjegomega_tskommeomega_tstilomega_tsnuomega_ts?omega_ts
'jeg elsker dig forhelvede .,'omega_tsjegomega_tselskeromega_tsdigomega_tsforhelvedeomega_ts.omega_ts
jeg savner jo forhelvede alt ved dig skat.,jegomega_tssavneromega_tsjoomega_tsforhelvedeomega_tsaltomega_tsvedomega_tsdigomega_tsskatomega_ts.omega_ts
"fuck det er smuktvil habe pigen, du har skrevet det laeser det!","fuckomega_tsdetomega_tseromega_tssmuktomega_tsVilomega_tshabeomega_tspigenomega_ts,omega_tsduomega_tsharomega_tsskrevetomega_tsdetomega_tslaeseromega_tsdetomega_ts!omega_ts"
"<3det sku s칮dt skat' baby jeg ma sgu give dig, at du er en god digter  <3 'det er sa hudl칮st aerlig skrevet, jeg kan maerke det hele i min sjael , nar jeg laeser det !","<3omega_tsdetomega_tsskuomega_tss칮dtomega_tsskatomega_ts'omega_tsBabyomega_tsjegomega_tsmaomega_tssguomega_tsgiveomega_tsdigomega_ts,omega_tsatomega_tsduomega_tseromega_tsenomega_tsgodomega_tsdigteromega_ts<3omega_ts'omega_tsDetomega_tseromega_tssaomega_tshudl칮stomega_tsaerligomega_tsskrevetomega_ts,omega_tsjegomega_tskanomega_tsmaerkeomega_tsdetomega_tsheleomega_tsiomega_tsminomega_tssjaelomega_ts,omega_tsnaromega_tsjegomega_tslaeseromega_tsdetomega_ts!omega_ts"
narh du er saaarh s칮d  <3.,narhomega_tsduomega_tseromega_tssaaarhomega_tss칮domega_ts<3omega_ts.omega_ts
haber pigen du elsker laeser det .,haberomega_tspigenomega_tsduomega_tselskeromega_tslaeseromega_tsdetomega_ts.omega_ts
"men har osse k칮bt cden xD  Downloader normalt min musik, men i tilfaelde som dette, k칮ber jeg CD'ed for at st칮tte bandet.","menomega_tsharomega_tsosseomega_tsk칮btomega_tscdenomega_tsxDomega_tsDownloaderomega_tsnormaltomega_tsminomega_tsmusikomega_ts,omega_tsmenomega_tsiomega_tstilfaeldeomega_tssomomega_tsdetteomega_ts,omega_tsk칮beromega_tsjegomega_tsCD'edomega_tsforomega_tsatomega_tsst칮tteomega_tsbandetomega_ts.omega_ts"
har ik downloadet.. og Self칮'lig ska jeg k칮be den!!,haromega_tsikomega_tsdownloadetomega_ts..omega_tsogomega_tsSelf칮'ligomega_tsskaomega_tsjegomega_tsk칮beomega_tsdenomega_ts!omega_ts!omega_ts
liige sa snart den kommer pa butikkerne her i gr칮nland de kommer jo altid senere .. ka ik vente!,liigeomega_tssaomega_tssnartomega_tsdenomega_tskommeromega_tspaomega_tsbutikkerneomega_tsheromega_tsiomega_tsgr칮nlandomega_tsdeomega_tskommeromega_tsjoomega_tsaltidomega_tssenereomega_ts..omega_tskaomega_tsikomega_tsventeomega_ts!omega_ts
..<33  Vi skal nok hjaelpe jer dreng!,..omega_ts<3omega_ts3omega_tsViomega_tsskalomega_tsnokomega_tshjaelpeomega_tsjeromega_tsdrengomega_ts!omega_ts
selvom jeg graed meget /':dindindin lotte.,selvomomega_tsjegomega_tsgraedomega_tsmegetomega_ts/omega_ts'omega_ts:omega_tsDindindinomega_tslotteomega_ts.omega_ts
men jeq siideer sku og tudernu stakkels diig ja hva med nar du ska giftesnar du ska have b칮rn?,menomega_tsjeqomega_tssiideeromega_tsskuomega_tsogomega_tstuderomega_tsnuomega_tsstakkelsomega_tsdiigomega_tsjaomega_tshvaomega_tsmedomega_tsnaromega_tsduomega_tsskaomega_tsgiftesomega_tsnaromega_tsduomega_tsskaomega_tshaveomega_tsb칮rnomega_ts?omega_ts
han kan ikk vaere der nar du skagiftes han kan ikk se sine b칮neb칮rn oohh stakkels diig ):wow... det er jeg virkelig ked af at h칮re /:hvor er det synd for dig.,hanomega_tskanomega_tsikkomega_tsvaereomega_tsderomega_tsnaromega_tsduomega_tsskaomega_tsgiftesomega_tshanomega_tskanomega_tsikkomega_tsseomega_tssineomega_tsb칮neb칮rnomega_tsoohhomega_tsstakkelsomega_tsdiigomega_ts)omega_ts:omega_tswowomega_ts...omega_tsdetomega_tseromega_tsjegomega_tsvirkeligomega_tskedomega_tsafomega_tsatomega_tsh칮reomega_ts/omega_ts:omega_tshvoromega_tseromega_tsdetomega_tssyndomega_tsforomega_tsdigomega_ts.omega_ts
det ma vaere det vaerste at miste en foraeldre!,detomega_tsmaomega_tsvaereomega_tsdetomega_tsvaersteomega_tsatomega_tsmisteomega_tsenomega_tsforaeldreomega_ts!omega_ts
"livet er aldrig fair, og i gjorde hvad i kunne<3har naesten ogsa lige mistet min far .","livetomega_tseromega_tsaldrigomega_tsfairomega_ts,omega_tsogomega_tsiomega_tsgjordeomega_tshvadomega_tsiomega_tskunneomega_ts<3omega_tsharomega_tsnaestenomega_tsogsaomega_tsligeomega_tsmistetomega_tsminomega_tsfaromega_ts.omega_ts"
det.,detomega_tsmaomega_tsvirkeligomega_tsvaereomega_tshardtomega_ts.omega_ts
jeg er ked af det pa dine vejne.,jegomega_tseromega_tskedomega_tsafomega_tsdetomega_tspaomega_tsdineomega_tsvejneomega_ts.omega_ts
:/det er virkeliq synd for diq !,:/omega_tsDetomega_tseromega_tsvirkeliqomega_tssyndomega_tsforomega_tsdiqomega_ts!omega_ts
<3f칮ler sku virkelig meget med dig.,<3omega_tsf칮leromega_tsskuomega_tsvirkeligomega_tsmegetomega_tsmedomega_tsdigomega_ts.omega_ts
"godt for du blir adrig andetomg, jeg elsker at vaere et dyrdet er fordi hun klaret sig darligt i sit tidligere liv, nu er hun et dyr som straf, sa hun kan laere detyes jeg er et dyryes !","godtomega_tsforomega_tsduomega_tsbliromega_tsadrigomega_tsandetomega_tsOmgomega_ts,omega_tsjegomega_tselskeromega_tsatomega_tsvaereomega_tsetomega_tsdyromega_tsdetomega_tseromega_tsfordiomega_tshunomega_tsklaretomega_tssigomega_tsdarligtomega_tsiomega_tssitomega_tstidligereomega_tslivomega_ts,omega_tsnuomega_tseromega_tshunomega_tsetomega_tsdyromega_tssomomega_tsstrafomega_ts,omega_tssaomega_tshunomega_tskanomega_tslaereomega_tsdetomega_tsYESomega_tsJegomega_tseromega_tsetomega_tsdyromega_tsYESomega_ts!omega_ts"
men galt klaer dig bedre s:naughty <3du er jo sa smukka alligevel!,menomega_tsgaltomega_tsklaeromega_tsdigomega_tsbedreomega_tssomega_ts:omega_tsnaughtyomega_ts<3omega_tsduomega_tseromega_tsjoomega_tssaomega_tssmukkaomega_tsalligevelomega_ts!omega_ts
"louise, du er smuk med glattet har, menogsa med din naturlige made.","louiseomega_ts,omega_tsduomega_tseromega_tssmukomega_tsmedomega_tsglattetomega_tsharomega_ts,omega_tsmenomega_tsogsaomega_tsmedomega_tsdinomega_tsnaturligeomega_tsmadeomega_ts.omega_ts"
<3 ..men du er jo paen uanset hvad.,<3omega_ts..omega_tsmenomega_tsduomega_tseromega_tsjoomega_tspaenomega_tsuansetomega_tshvadomega_ts.omega_ts
"jamen, sadan helt seri칮st.","jamenomega_ts,omega_tssadanomega_tsheltomega_tsseri칮stomega_ts.omega_ts"
"i er "" ahh, sa vidunderlige"" liiiige indtil man laerer jer at kende?","iomega_tseromega_ts""omega_tsahhomega_ts,omega_tssaomega_tsvidunderligeomega_ts""omega_tsliiiigeomega_tsindtilomega_tsmanomega_tslaereromega_tsjeromega_tsatomega_tskendeomega_ts?omega_ts"
"""..칮h, vi er jo ikke allesammen sadan?!""","""omega_ts..omega_ts칮homega_ts,omega_tsviomega_tseromega_tsjoomega_tsikkeomega_tsallesammenomega_tssadanomega_ts?omega_ts!omega_ts""omega_ts"
jeg vil saaaa gerne tro pa det - _s 친 ufattelig gerne!,jegomega_tsvilomega_tssaaaaomega_tsgerneomega_tstroomega_tspaomega_tsdetomega_ts-omega_ts_Somega_tsomega_tsUFATTELIGomega_tsGERNEomega_ts!omega_ts
"_men.. man kommer bare til det punkt, hvor man simpelthen har faet nok.","_menomega_ts..omega_tsmanomega_tskommeromega_tsbareomega_tstilomega_tsdetomega_tspunktomega_ts,omega_tshvoromega_tsmanomega_tssimpelthenomega_tsharomega_tsfaetomega_tsnokomega_ts.omega_ts"
"&' .. det er ogsa mig , som altid siger at man skal tage ved laere af sine fejl.","&omega_ts'omega_ts..omega_tsdetomega_tseromega_tsogsaomega_tsMIGomega_ts,omega_tssomomega_tsaltidomega_tssigeromega_tsatomega_tsmanomega_tsskalomega_tstageomega_tsvedomega_tslaereomega_tsafomega_tssineomega_tsfejlomega_ts.omega_ts"
&' jo .. der er ogsa en masse dejlige fyre.,&omega_ts'omega_tsjoomega_ts..omega_tsderomega_tseromega_tsogsaomega_tsenomega_tsmasseomega_tsdejligeomega_tsfyreomega_ts.omega_ts
"altsa, come on.","altsaomega_ts,omega_tscomeomega_tsonomega_ts.omega_ts"
"& sa er der de t칮ser, som vaelger at blive "" snobbede"",for at fa drengene til at forsta at _vi_ ikke allesammen er ude efter   "" uforpligtigende sex"".","&omega_tssaomega_tseromega_tsderomega_tsdeomega_tst칮seromega_ts,omega_tssomomega_tsvaelgeromega_tsatomega_tsbliveomega_ts""omega_tssnobbedeomega_ts""omega_ts,omega_tsforomega_tsatomega_tsfaomega_tsdrengeneomega_tstilomega_tsatomega_tsforstaomega_tsatomega_ts_vi_omega_tsikkeomega_tsallesammenomega_tseromega_tsudeomega_tsefteromega_ts""omega_tsuforpligtigendeomega_tssexomega_ts""omega_ts.omega_ts"
"ihvertfald ikke, os alle.","ihvertfaldomega_tsikkeomega_ts,omega_tsosomega_tsalleomega_ts.omega_ts"
"& aerligtalt, sa bebrejder jeg skuikke jer fyre for at taenke pa sex, i dette tilfaelde.","&omega_tsaerligtaltomega_ts,omega_tssaomega_tsbebrejderomega_tsjegomega_tsskuomega_tsikkeomega_tsjeromega_tsfyreomega_tsforomega_tsatomega_tstaenkeomega_tspaomega_tssexomega_ts,omega_tsiomega_tsdetteomega_tstilfaeldeomega_ts.omega_ts"
"&' .. sa kan det godt vaere at det lyder meget dobbelmoralskt af mig,at skrive alt det her, som om jeg mener "" sadan er fyre bare, punktum!
""","&omega_ts'omega_ts..omega_tssaomega_tskanomega_tsdetomega_tsgodtomega_tsvaereomega_tsatomega_tsdetomega_tslyderomega_tsmegetomega_tsdobbelmoralsktomega_tsafomega_tsmigomega_ts,omega_tsatomega_tsskriveomega_tsaltomega_tsdetomega_tsheromega_ts,omega_tssomomega_tsomomega_tsjegomega_tsmeneromega_ts""omega_tssadanomega_tseromega_tsfyreomega_tsbareomega_ts,omega_tspunktumomega_ts!omega_ts""omega_ts"
man laerer af sine fejl & udvikler sig deraf.,manomega_tslaereromega_tsafomega_tssineomega_tsfejlomega_ts&omega_tsudvikleromega_tssigomega_tsderafomega_ts.omega_ts
"& ja, jeg har det med at vaere hudl칮st aerlig.","&omega_tsjaomega_ts,omega_tsjegomega_tsharomega_tsdetomega_tsmedomega_tsatomega_tsvaereomega_tshudl칮stomega_tsaerligomega_ts.omega_ts"
kunne seri칮st ikk' ha' sagt det bedre selv '!,kunneomega_tsseri칮stomega_tsikkomega_ts'omega_tshaomega_ts'omega_tssagtomega_tsdetomega_tsbedreomega_tsselvomega_ts'omega_ts!omega_ts
sa kan de sku' laerer det '!,saomega_tskanomega_tsdeomega_tsskuomega_ts'omega_tslaereromega_tsdetomega_ts'omega_ts!omega_ts
